<?xml version="1.0" standalone="yes"?>
<NewDataSet>
  <xs:schema id="NewDataSet" xmlns="" xmlns:xs="http://www.w3.org/2001/XMLSchema" xmlns:msdata="urn:schemas-microsoft-com:xml-msdata">
    <xs:element name="NewDataSet" msdata:IsDataSet="true" msdata:UseCurrentLocale="true">
      <xs:complexType>
        <xs:choice minOccurs="0" maxOccurs="unbounded">
          <xs:element name="Table1">
            <xs:complexType>
              <xs:sequence>
                <xs:element name="Date" msdata:DateTimeMode="Utc" type="xs:dateTime" minOccurs="0" />
                <xs:element name="First_Name" type="xs:string" minOccurs="0" />
                <xs:element name="Last_Name" type="xs:string" minOccurs="0" />
                <xs:element name="Dept" type="xs:string" minOccurs="0" />
                <xs:element name="Subject" type="xs:string" minOccurs="0" />
                <xs:element name="Country" type="xs:string" minOccurs="0" />
                <xs:element name="Attach1" type="xs:string" minOccurs="0" />
                <xs:element name="FORM_FIELDS_READONLY" type="xs:string" minOccurs="0" />
                <xs:element name="FORM_FIELDS_REQUIRED" type="xs:string" minOccurs="0" />
                <xs:element name="FORM_FIELDS_HIDDEN" type="xs:string" minOccurs="0" />
                <xs:element name="FORM_FIELDS_ARCHIVE_HIDDEN" type="xs:string" minOccurs="0" />
                <xs:element name="FORM_ARCHIVE" type="xs:string" minOccurs="0" />
                <xs:element name="CURRENT_ACTION" type="xs:string" minOccurs="0" />
              </xs:sequence>
            </xs:complexType>
          </xs:element>
        </xs:choice>
      </xs:complexType>
    </xs:element>
  </xs:schema>
  <Table1>
    <Date>2011-11-22T05:00:00Z</Date>
    <First_Name>Kevin</First_Name>
    <Last_Name>Lee</Last_Name>
    <Dept>Development</Dept>
    <Subject>Training</Subject>
    <Country>Canada</Country>
    <Attach1>upload\Intellera - Advance development Training Agenda.docx</Attach1>
    <FORM_FIELDS_READONLY />
    <FORM_FIELDS_REQUIRED />
    <FORM_ARCHIVE>form_archive.htm</FORM_ARCHIVE>
    <CURRENT_ACTION>INITIATE</CURRENT_ACTION>
  </Table1>
</NewDataSet>